-- PolyGarden database setup
-- Generated by db/generate_sql.py
-- Paste into: Supabase Dashboard → SQL Editor → New Query

DROP TABLE IF EXISTS antagonistic_plants CASCADE;
DROP TABLE IF EXISTS companion_plants CASCADE;
DROP TABLE IF EXISTS plants CASCADE;

CREATE TABLE plants (
    id               INT8 PRIMARY KEY,
    name             TEXT NOT NULL UNIQUE,
    planting_start   INT2,
    planting_end     INT2,
    harvesting_start INT2,
    harvesting_end   INT2,
    water            INT8,
    shadow           BOOL,
    height           INT2,
    spread           INT2,
    body_water       BOOL,
    is_tree          BOOL NOT NULL DEFAULT FALSE
);

CREATE TABLE companion_plants (
    id                  SERIAL PRIMARY KEY,
    plant_id            INT8 NOT NULL REFERENCES plants(id) ON DELETE CASCADE,
    companion_plant_id  INT8 NOT NULL REFERENCES plants(id) ON DELETE CASCADE,
    UNIQUE (plant_id, companion_plant_id)
);

CREATE TABLE antagonistic_plants (
    id                      SERIAL PRIMARY KEY,
    plant_id                INT8 NOT NULL REFERENCES plants(id) ON DELETE CASCADE,
    antagonistic_plant_id   INT8 NOT NULL REFERENCES plants(id) ON DELETE CASCADE,
    UNIQUE (plant_id, antagonistic_plant_id)
);

INSERT INTO plants (id, name, planting_start, planting_end, harvesting_start, harvesting_end, water, shadow, height, spread, body_water, is_tree) VALUES
  (1, 'Tomato', 3, 5, 6, 10, 800, FALSE, 150, 60, FALSE, FALSE),
  (2, 'Basil', 4, 6, 6, 9, 400, FALSE, 60, 30, FALSE, FALSE),
  (3, 'Carrot', 2, 4, 5, 8, 300, FALSE, 30, 10, FALSE, FALSE),
  (4, 'Onion', 9, 11, 5, 7, 250, FALSE, 50, 15, FALSE, FALSE),
  (5, 'Garlic', 10, 12, 5, 7, 200, FALSE, 60, 10, FALSE, FALSE),
  (6, 'Marigold', 3, 5, 6, 10, 200, FALSE, 50, 30, FALSE, FALSE),
  (7, 'Bell Pepper', 3, 5, 7, 10, 600, FALSE, 80, 50, FALSE, FALSE),
  (8, 'Cucumber', 4, 6, 6, 9, 700, FALSE, 200, 100, FALSE, FALSE),
  (9, 'Zucchini', 4, 6, 6, 9, 800, FALSE, 60, 100, FALSE, FALSE),
  (10, 'Pumpkin', 4, 5, 8, 10, 800, FALSE, 50, 200, FALSE, FALSE),
  (11, 'Pole Beans', 4, 6, 7, 10, 400, FALSE, 200, 30, FALSE, FALSE),
  (12, 'Bush Beans', 4, 6, 7, 10, 350, FALSE, 50, 30, FALSE, FALSE),
  (13, 'Peas', 1, 3, 4, 6, 300, TRUE, 150, 20, FALSE, FALSE),
  (14, 'Corn', 4, 5, 7, 9, 600, FALSE, 250, 40, FALSE, FALSE),
  (15, 'Sunflower', 4, 5, 8, 10, 400, FALSE, 300, 60, FALSE, FALSE),
  (16, 'Lettuce', 2, 4, 4, 6, 300, TRUE, 30, 30, FALSE, FALSE),
  (17, 'Spinach', 2, 4, 4, 6, 300, TRUE, 30, 30, FALSE, FALSE),
  (18, 'Kale', 2, 4, 5, 11, 350, TRUE, 80, 50, FALSE, FALSE),
  (19, 'Swiss Chard', 3, 5, 5, 11, 350, TRUE, 60, 40, FALSE, FALSE),
  (20, 'Beet', 3, 5, 6, 9, 300, FALSE, 40, 20, FALSE, FALSE),
  (21, 'Radish', 3, 5, 4, 6, 200, FALSE, 30, 10, FALSE, FALSE),
  (22, 'Turnip', 3, 5, 5, 7, 250, FALSE, 30, 20, FALSE, FALSE),
  (23, 'Cabbage', 2, 4, 5, 8, 400, FALSE, 50, 50, FALSE, FALSE),
  (24, 'Broccoli', 2, 4, 4, 7, 400, FALSE, 70, 60, FALSE, FALSE),
  (25, 'Cauliflower', 2, 4, 4, 7, 400, FALSE, 60, 60, FALSE, FALSE),
  (26, 'Brussels Sprouts', 3, 5, 9, 12, 400, FALSE, 100, 60, FALSE, FALSE),
  (27, 'Celery', 3, 5, 7, 10, 600, TRUE, 60, 30, FALSE, FALSE),
  (28, 'Parsley', 3, 5, 6, 10, 300, TRUE, 40, 30, FALSE, FALSE),
  (29, 'Dill', 4, 6, 6, 9, 250, FALSE, 100, 30, FALSE, FALSE),
  (30, 'Fennel', 4, 6, 8, 11, 300, FALSE, 150, 50, FALSE, FALSE),
  (31, 'Mint', 4, 6, 6, 10, 500, TRUE, 60, 60, FALSE, FALSE),
  (32, 'Rosemary', 3, 5, 6, 10, 200, FALSE, 150, 100, FALSE, FALSE),
  (33, 'Thyme', 3, 5, 6, 10, 150, FALSE, 30, 40, FALSE, FALSE),
  (34, 'Sage', 3, 5, 6, 10, 200, FALSE, 80, 60, FALSE, FALSE),
  (35, 'Lavender', 3, 5, 6, 8, 150, FALSE, 80, 80, FALSE, FALSE),
  (36, 'Chamomile', 3, 5, 5, 8, 200, FALSE, 60, 30, FALSE, FALSE),
  (37, 'Borage', 4, 6, 6, 10, 300, FALSE, 80, 60, FALSE, FALSE),
  (38, 'Nasturtium', 4, 6, 6, 10, 200, FALSE, 30, 50, FALSE, FALSE),
  (39, 'Calendula', 3, 5, 5, 10, 200, FALSE, 60, 40, FALSE, FALSE),
  (40, 'Comfrey', 3, 5, 5, 11, 400, TRUE, 100, 80, FALSE, FALSE),
  (41, 'Nettle', 3, 5, 5, 10, 400, TRUE, 150, 60, FALSE, FALSE),
  (42, 'Yarrow', 4, 6, 6, 10, 150, FALSE, 80, 60, FALSE, FALSE),
  (43, 'Echinacea', 4, 5, 7, 9, 200, FALSE, 100, 60, FALSE, FALSE),
  (44, 'Lemon Balm', 4, 6, 6, 10, 300, TRUE, 80, 60, FALSE, FALSE),
  (45, 'Oregano', 4, 6, 6, 10, 200, FALSE, 50, 40, FALSE, FALSE),
  (46, 'Chives', 3, 5, 5, 10, 250, FALSE, 40, 20, FALSE, FALSE),
  (47, 'Leek', 9, 11, 3, 6, 300, FALSE, 60, 15, FALSE, FALSE),
  (48, 'Shallot', 10, 12, 5, 7, 200, FALSE, 40, 15, FALSE, FALSE),
  (49, 'Potato', 3, 4, 6, 9, 500, FALSE, 80, 60, FALSE, FALSE),
  (50, 'Sweet Potato', 5, 6, 8, 11, 500, FALSE, 30, 200, FALSE, FALSE),
  (51, 'Jerusalem Artichoke', 3, 5, 10, 12, 300, FALSE, 300, 60, FALSE, FALSE),
  (52, 'Asparagus', 3, 4, 4, 6, 400, FALSE, 150, 60, FALSE, FALSE),
  (53, 'Globe Artichoke', 10, 12, 4, 7, 500, FALSE, 150, 100, FALSE, FALSE),
  (54, 'Rhubarb', 3, 4, 5, 7, 400, TRUE, 100, 100, FALSE, FALSE),
  (55, 'Strawberry', 3, 5, 5, 7, 400, FALSE, 20, 40, FALSE, FALSE),
  (56, 'Raspberry', 10, 12, 6, 9, 400, FALSE, 200, 60, FALSE, FALSE),
  (57, 'Blueberry', 10, 12, 6, 8, 400, FALSE, 150, 100, FALSE, FALSE),
  (58, 'Elderberry', 10, 12, 7, 9, 300, FALSE, 400, 250, FALSE, FALSE),
  (59, 'Gooseberry', 10, 12, 6, 8, 300, FALSE, 150, 120, FALSE, FALSE),
  (60, 'Black Currant', 10, 12, 6, 8, 300, TRUE, 150, 150, FALSE, FALSE),
  (61, 'Dwarf Apple', 10, 12, 8, 11, 400, FALSE, 300, 200, FALSE, FALSE),
  (62, 'Dwarf Pear', 10, 12, 8, 11, 400, FALSE, 300, 200, FALSE, FALSE),
  (63, 'Dwarf Plum', 10, 12, 7, 9, 350, FALSE, 250, 200, FALSE, FALSE),
  (64, 'Dwarf Cherry', 10, 12, 6, 7, 350, FALSE, 300, 200, FALSE, FALSE),
  (65, 'Fig', 10, 12, 8, 10, 300, FALSE, 400, 300, FALSE, FALSE),
  (66, 'Grape', 10, 12, 8, 11, 400, FALSE, 300, 200, FALSE, FALSE),
  (67, 'Eggplant', 4, 5, 7, 10, 600, FALSE, 80, 70, FALSE, FALSE),
  (68, 'Okra', 4, 6, 7, 10, 500, FALSE, 150, 60, FALSE, FALSE),
  (69, 'Melon', 4, 6, 7, 10, 700, FALSE, 40, 200, FALSE, FALSE),
  (70, 'Watermelon', 4, 6, 7, 9, 800, FALSE, 40, 300, FALSE, FALSE),
  (71, 'Arugula', 3, 5, 4, 6, 200, TRUE, 30, 20, FALSE, FALSE),
  (72, 'Endive', 3, 5, 5, 7, 250, TRUE, 40, 30, FALSE, FALSE),
  (73, 'Chicory', 3, 5, 6, 9, 300, FALSE, 80, 40, FALSE, FALSE),
  (74, 'Pak Choi', 3, 5, 4, 7, 300, TRUE, 30, 25, FALSE, FALSE),
  (75, 'Kohlrabi', 3, 5, 5, 8, 300, FALSE, 40, 30, FALSE, FALSE),
  (76, 'Parsnip', 3, 4, 8, 11, 300, FALSE, 100, 20, FALSE, FALSE),
  (77, 'Celeriac', 3, 5, 9, 11, 500, FALSE, 60, 40, FALSE, FALSE),
  (78, 'Amaranth', 4, 6, 7, 10, 300, FALSE, 150, 60, FALSE, FALSE),
  (79, 'Quinoa', 4, 5, 8, 10, 250, FALSE, 150, 40, FALSE, FALSE),
  (80, 'Flax', 3, 5, 7, 8, 200, FALSE, 100, 20, FALSE, FALSE),
  (81, 'Buckwheat', 5, 7, 7, 9, 250, FALSE, 80, 30, FALSE, FALSE),
  (82, 'Red Clover', 3, 5, 6, 10, 250, FALSE, 50, 40, FALSE, FALSE),
  (83, 'White Clover', 3, 5, 5, 10, 200, FALSE, 20, 30, FALSE, FALSE),
  (84, 'Alfalfa', 3, 5, 6, 10, 300, FALSE, 80, 40, FALSE, FALSE),
  (85, 'Hairy Vetch', 9, 11, 4, 6, 200, FALSE, 100, 40, FALSE, FALSE),
  (86, 'Phacelia', 3, 5, 5, 7, 200, FALSE, 60, 30, FALSE, FALSE),
  (87, 'Mustard', 3, 5, 5, 7, 200, FALSE, 80, 40, FALSE, FALSE),
  (88, 'Coriander', 3, 5, 5, 8, 200, FALSE, 50, 30, FALSE, FALSE),
  (89, 'Fenugreek', 4, 6, 7, 9, 250, FALSE, 60, 30, FALSE, FALSE),
  (90, 'Cumin', 4, 6, 7, 9, 200, FALSE, 50, 20, FALSE, FALSE),
  (91, 'Tarragon', 4, 5, 6, 9, 200, FALSE, 80, 50, FALSE, FALSE),
  (92, 'Winter Savory', 3, 5, 6, 10, 150, FALSE, 40, 40, FALSE, FALSE),
  (93, 'Lemon Verbena', 5, 6, 7, 10, 300, FALSE, 150, 100, FALSE, FALSE),
  (94, 'Stevia', 5, 6, 7, 10, 300, FALSE, 60, 40, FALSE, FALSE),
  (95, 'Radicchio', 3, 5, 5, 8, 300, FALSE, 30, 30, FALSE, FALSE),
  (96, 'Lovage', 3, 5, 6, 10, 400, TRUE, 200, 80, FALSE, FALSE),
  (97, 'Valerian', 4, 5, 6, 9, 300, TRUE, 150, 60, FALSE, FALSE),
  (98, 'Evening Primrose', 4, 6, 7, 10, 200, FALSE, 100, 50, FALSE, FALSE),
  (99, 'Lemongrass', 5, 6, 8, 11, 400, FALSE, 120, 80, FALSE, FALSE),
  (100, 'Chervil', 3, 5, 5, 8, 200, TRUE, 40, 30, FALSE, FALSE),
  (101, 'Olive Tree', 10, 12, 9, 11, 300, FALSE, 600, 500, FALSE, TRUE),
  (102, 'Walnut', 10, 12, 9, 11, 500, FALSE, 2000, 1500, FALSE, TRUE),
  (103, 'Hazelnut', 10, 12, 8, 10, 300, FALSE, 400, 300, FALSE, TRUE),
  (104, 'Almond', 10, 12, 7, 9, 250, FALSE, 600, 500, FALSE, TRUE),
  (105, 'Mulberry', 10, 12, 5, 7, 400, FALSE, 1000, 800, FALSE, TRUE),
  (106, 'Lemon Tree', 10, 12, 11, 3, 400, FALSE, 400, 300, FALSE, TRUE),
  (107, 'Orange Tree', 10, 12, 11, 3, 400, FALSE, 500, 400, FALSE, TRUE),
  (108, 'Pomegranate', 10, 12, 9, 11, 300, FALSE, 500, 400, FALSE, TRUE),
  (109, 'Quince', 10, 12, 9, 11, 350, FALSE, 500, 400, FALSE, TRUE),
  (110, 'Black Locust', 10, 12, 5, 6, 200, FALSE, 2000, 1000, FALSE, TRUE),
  (111, 'Alder', 10, 12, 1, 12, 500, TRUE, 1500, 800, FALSE, TRUE),
  (112, 'Hawthorn', 10, 12, 9, 11, 250, FALSE, 500, 400, FALSE, TRUE),
  (113, 'Medlar', 10, 12, 10, 12, 300, FALSE, 400, 300, FALSE, TRUE),
  (114, 'Serviceberry', 10, 12, 6, 7, 300, FALSE, 500, 400, FALSE, TRUE),
  (115, 'Pawpaw', 10, 12, 8, 10, 400, TRUE, 600, 400, FALSE, TRUE),
  (116, 'Bay Laurel', 10, 12, 1, 12, 300, TRUE, 500, 300, FALSE, TRUE),
  (117, 'Blackberry', 10, 12, 6, 9, 400, TRUE, 200, 200, FALSE, FALSE),
  (118, 'Aronia', 10, 12, 8, 10, 300, TRUE, 200, 150, FALSE, FALSE),
  (119, 'Goji Berry', 10, 12, 7, 10, 250, FALSE, 200, 150, FALSE, FALSE),
  (120, 'Rugosa Rose', 10, 12, 8, 10, 250, FALSE, 200, 150, FALSE, FALSE),
  (121, 'Sea Buckthorn', 10, 12, 8, 10, 200, FALSE, 400, 300, FALSE, FALSE),
  (122, 'Siberian Pea Shrub', 10, 12, 6, 7, 200, FALSE, 300, 200, FALSE, FALSE),
  (123, 'Autumn Olive', 10, 12, 9, 10, 200, FALSE, 400, 300, FALSE, FALSE),
  (124, 'Jostaberry', 10, 12, 6, 8, 300, FALSE, 150, 150, FALSE, FALSE),
  (125, 'Buffaloberry', 10, 12, 7, 9, 200, FALSE, 300, 200, FALSE, FALSE);

INSERT INTO companion_plants (plant_id, companion_plant_id) VALUES
  (1, 2),
  (2, 1),
  (1, 6),
  (6, 1),
  (1, 3),
  (3, 1),
  (1, 28),
  (28, 1),
  (1, 5),
  (5, 1),
  (1, 46),
  (46, 1),
  (1, 52),
  (52, 1),
  (1, 37),
  (37, 1),
  (1, 39),
  (39, 1),
  (2, 7),
  (7, 2),
  (2, 45),
  (45, 2),
  (2, 52),
  (52, 2),
  (3, 4),
  (4, 3),
  (3, 32),
  (32, 3),
  (3, 34),
  (34, 3),
  (3, 16),
  (16, 3),
  (3, 46),
  (46, 3),
  (3, 13),
  (13, 3),
  (3, 88),
  (88, 3),
  (3, 100),
  (100, 3),
  (4, 20),
  (20, 4),
  (4, 36),
  (36, 4),
  (4, 23),
  (23, 4),
  (4, 24),
  (24, 4),
  (5, 32),
  (32, 5),
  (5, 36),
  (36, 5),
  (5, 55),
  (55, 5),
  (6, 7),
  (7, 6),
  (6, 67),
  (67, 6),
  (6, 8),
  (8, 6),
  (10, 14),
  (14, 10),
  (10, 11),
  (11, 10),
  (10, 37),
  (37, 10),
  (11, 14),
  (14, 11),
  (11, 3),
  (3, 11),
  (11, 32),
  (32, 11),
  (11, 38),
  (38, 11),
  (9, 37),
  (37, 9),
  (9, 38),
  (38, 9),
  (9, 11),
  (11, 9),
  (14, 9),
  (9, 14),
  (8, 11),
  (11, 8),
  (8, 29),
  (29, 8),
  (8, 21),
  (21, 8),
  (8, 15),
  (15, 8),
  (8, 38),
  (38, 8),
  (12, 3),
  (3, 12),
  (12, 8),
  (8, 12),
  (12, 27),
  (27, 12),
  (12, 32),
  (32, 12),
  (13, 31),
  (31, 13),
  (13, 21),
  (21, 13),
  (13, 17),
  (17, 13),
  (13, 39),
  (39, 13),
  (16, 21),
  (21, 16),
  (16, 46),
  (46, 16),
  (16, 55),
  (55, 16),
  (16, 29),
  (29, 16),
  (17, 55),
  (55, 17),
  (17, 20),
  (20, 17),
  (18, 20),
  (20, 18),
  (18, 27),
  (27, 18),
  (18, 38),
  (38, 18),
  (19, 4),
  (4, 19),
  (19, 21),
  (21, 19),
  (23, 29),
  (29, 23),
  (23, 27),
  (27, 23),
  (23, 36),
  (36, 23),
  (23, 38),
  (38, 23),
  (24, 27),
  (27, 24),
  (24, 36),
  (36, 24),
  (25, 27),
  (27, 25),
  (26, 33),
  (33, 26),
  (20, 16),
  (16, 20),
  (20, 23),
  (23, 20),
  (20, 88),
  (88, 20),
  (21, 38),
  (38, 21),
  (21, 100),
  (100, 21),
  (27, 47),
  (47, 27),
  (28, 52),
  (52, 28),
  (32, 55),
  (55, 32),
  (33, 23),
  (23, 33),
  (35, 1),
  (1, 35),
  (35, 55),
  (55, 35),
  (37, 55),
  (55, 37),
  (37, 69),
  (69, 37),
  (40, 1),
  (1, 40),
  (40, 49),
  (49, 40),
  (40, 52),
  (52, 40),
  (40, 55),
  (55, 40),
  (42, 1),
  (1, 42),
  (42, 8),
  (8, 42),
  (46, 55),
  (55, 46),
  (66, 82),
  (82, 66),
  (66, 83),
  (83, 66),
  (69, 38),
  (38, 69),
  (70, 38),
  (38, 70),
  (82, 1),
  (1, 82),
  (83, 1),
  (1, 83),
  (84, 1),
  (1, 84),
  (85, 11),
  (11, 85),
  (86, 1),
  (1, 86),
  (86, 8),
  (8, 86),
  (87, 23),
  (23, 87),
  (92, 11),
  (11, 92),
  (92, 12),
  (12, 92),
  (96, 1),
  (1, 96),
  (97, 1),
  (1, 97),
  (101, 32),
  (32, 101),
  (101, 35),
  (35, 101),
  (101, 33),
  (33, 101),
  (101, 82),
  (82, 101),
  (103, 82),
  (82, 103),
  (103, 83),
  (83, 103),
  (103, 40),
  (40, 103),
  (104, 35),
  (35, 104),
  (104, 86),
  (86, 104),
  (105, 82),
  (82, 105),
  (105, 40),
  (40, 105),
  (106, 2),
  (2, 106),
  (106, 38),
  (38, 106),
  (107, 2),
  (2, 107),
  (107, 38),
  (38, 107),
  (108, 2),
  (2, 108),
  (108, 6),
  (6, 108),
  (110, 66),
  (66, 110),
  (110, 55),
  (55, 110),
  (111, 56),
  (56, 111),
  (111, 60),
  (60, 111),
  (112, 56),
  (56, 112),
  (112, 58),
  (58, 112),
  (114, 82),
  (82, 114),
  (114, 40),
  (40, 114),
  (116, 1),
  (1, 116),
  (116, 49),
  (49, 116),
  (116, 23),
  (23, 116),
  (117, 40),
  (40, 117),
  (117, 82),
  (82, 117),
  (118, 83),
  (83, 118),
  (118, 40),
  (40, 118),
  (119, 35),
  (35, 119),
  (119, 82),
  (82, 119),
  (120, 5),
  (5, 120),
  (120, 35),
  (35, 120),
  (120, 46),
  (46, 120),
  (121, 55),
  (55, 121),
  (121, 82),
  (82, 121),
  (122, 56),
  (56, 122),
  (122, 57),
  (57, 122),
  (123, 55),
  (55, 123),
  (123, 56),
  (56, 123),
  (124, 40),
  (40, 124),
  (124, 83),
  (83, 124),
  (125, 55),
  (55, 125),
  (125, 82),
  (82, 125);

INSERT INTO antagonistic_plants (plant_id, antagonistic_plant_id) VALUES
  (30, 1),
  (1, 30),
  (30, 3),
  (3, 30),
  (30, 8),
  (8, 30),
  (30, 7),
  (7, 30),
  (30, 11),
  (11, 30),
  (30, 12),
  (12, 30),
  (30, 16),
  (16, 30),
  (30, 88),
  (88, 30),
  (1, 23),
  (23, 1),
  (1, 14),
  (14, 1),
  (1, 49),
  (49, 1),
  (4, 11),
  (11, 4),
  (4, 12),
  (12, 4),
  (4, 13),
  (13, 4),
  (5, 11),
  (11, 5),
  (5, 12),
  (12, 5),
  (5, 13),
  (13, 5),
  (47, 11),
  (11, 47),
  (47, 13),
  (13, 47),
  (48, 11),
  (11, 48),
  (48, 13),
  (13, 48),
  (23, 55),
  (55, 23),
  (49, 8),
  (8, 49),
  (49, 15),
  (15, 49),
  (15, 3),
  (3, 15),
  (20, 11),
  (11, 20),
  (20, 12),
  (12, 20),
  (29, 3),
  (3, 29),
  (52, 4),
  (4, 52),
  (52, 5),
  (5, 52),
  (31, 3),
  (3, 31),
  (31, 28),
  (28, 31),
  (51, 1),
  (1, 51),
  (51, 15),
  (15, 51),
  (22, 11),
  (11, 22),
  (67, 13),
  (13, 67),
  (87, 11),
  (11, 87),
  (102, 1),
  (1, 102),
  (102, 55),
  (55, 102),
  (102, 49),
  (49, 102),
  (102, 61),
  (61, 102),
  (102, 56),
  (56, 102),
  (102, 57),
  (57, 102),
  (102, 117),
  (117, 102),
  (102, 84),
  (84, 102),
  (110, 103),
  (103, 110),
  (110, 104),
  (104, 110),
  (30, 101),
  (101, 30),
  (30, 103),
  (103, 30),
  (51, 103),
  (103, 51);
